No;Waktu Submit;Nama Siswa;Kode Soal;Domain;Kesalahan Utama;Kesalahan Kedua;Keyakinan;Bukti Coretan Siswa;Rekomendasi Remediasi;Jawaban Siswa;Langkah Pengerjaan
1;2026-09-14 11:27:47;Budi Santoso;Q1;D1;[E1] Miskonsepsi Bentuk Baku;Tidak ada;85%;Koefisien b tertukar dengan c;Pelajari kembali bentuk umum ax^2 + bx + c = 0;b = 6, c = -5;Persamaan: x^2 - 5x + 6 = 0
2;2026-09-14 11:33:45;Ahmad Siswa;Q1;D1 - Bentuk Baku;[E1] Miskonsepsi Identifikasi Koefisien;none;90%;Siswa menulis koefisien b = 6 padahal persamaan x^2 - 5x + 6 = 0;Tinjau kembali bentuk baku ax^2 + bx + c = 0 dan perhatikan tanda minus pada koefisien b.;b = 6, c = -5;Persamaan: x^2 - 5x + 6 = 0 | b = 6, c = -5
3;2026-09-14 14:10:15;Aisyah Putri (Siswa_01);Q1;D1 - Konsep Dasar;[E0] Akurat / Solusi Tepat;none;95%;Siswa mengubah persamaan ke bentuk baku 2x^2 - 5x - 7 = 0 dan menentukan a=2, b=-5, c=-7 secara benar.;Pemahaman bentuk baku sudah sangat baik. Pertahankan ketelitian aljabar.;a = 2, b = -5, c = -7;2x^2 - 5x = 7 | 2x^2 - 5x - 7 = 0 | Bentuk baku: ax^2 + bx + c = 0 | Maka a = 2, b = -5, c = -7
4;2026-09-14 14:10:16;Budi Santoso (Siswa_02);Q2;D1 - Konsep Dasar;[E1] Konseptual: Miskonsepsi Tanda Koefisien;none;88%;Siswa mengabaikan tanda negatif pada koefisien b dan konstanta c.;Tinjau kembali bahwa tanda negatif di depan angka merupakan bagian integral dari koefisien.;a = 3, b = 4, c = 8;3x^2 - 4x - 8 = 0 | a = 3, b = 4, c = 8
5;2026-09-14 14:10:16;Cahyo Wibowo (Siswa_03);Q3;D1 - Konsep Dasar;[E1] Konseptual: Koefisien Dianggap Akar Persamaan;none;90%;Siswa langsung menyimpulkan akar persamaan adalah angka koefisien b dan c.;Akar persamaan kuadrat adalah nilai pengganti variabel x yang membuat persamaan bernilai nol, bukan koefisiennya.;x1 = 5 dan x2 = 6;x^2 - 5x + 6 = 0 | Karena ada angka 5 dan 6 maka akar-akarnya x = 5 dan x = 6.
6;2026-09-14 14:10:17;Dewi Sartika (Siswa_04);Q4;D1 - Konsep Dasar;[E3] Komputasi: Kekeliruan Operasi Kuadrat Negatif;none;82%;Siswa menghitung (-3)^2 = -9 saat menguji diskriminan dasar.;Bilangan negatif berpangkat genap selalu menghasilkan bilangan positif: (-a)^2 = +a^2.;D = -25;D = b^2 - 4ac = (-3)^2 - 4(1)(4) = -9 - 16 = -25
7;2026-09-14 14:10:17;Eko Prasetyo (Siswa_05);Q5;D2 - Faktorisasi;[E0] Akurat / Solusi Tepat;none;96%;Siswa memfaktorkan (x - 3)(x - 4) = 0 dan mencari pembuat nol secara benar.;Langkah pemfaktoran sempurna. Lanjutkan ke pemfaktoran a > 1.;x = 3 atau x = 4;x^2 - 7x + 12 = 0 | Cari p+q=-7 dan p*q=12 -> p=-3, q=-4 | (x - 3)(x - 4) = 0 | x = 3 atau x = 4
8;2026-09-14 14:10:17;Fajar Ramadhan (Siswa_06);Q6;D2 - Faktorisasi;[E2] Prosedural: Tanda Faktor Terbalik;none;85%;Siswa menuliskan (x + 3)(x - 4) padahal seharusnya (x - 3)(x + 4).;Uji kembali hasil perkalian suku tengah: (x+p)(x+q) = x^2 + (p+q)x + pq.;x = -3 atau x = 4;x^2 + x - 12 = 0 | (x + 3)(x - 4) = 0 | x = -3 atau x = 4
9;2026-09-14 14:10:18;Gita Gutawa (Siswa_07);Q7;D2 - Faktorisasi;[E2] Prosedural: Salah Pemfaktoran Koefisien a > 1;[E3] Komputasi;80%;Siswa tidak membagi hasil penguraian dengan koefisien a pada metode pemfaktoran silang.;Gunakan metode pengelompokan suku tengah untuk pemfaktoran ax^2 + bx + c dengan a > 1.;x = 2 atau x = 5;2x^2 + 7x + 3 = 0 | (2x + 1)(x + 3) = 0 | x = 2 atau x = 5
10;2026-09-14 14:10:18;Hadi Firmansyah (Siswa_08);Q8;D2 - Faktorisasi;[E1] Konseptual: Pelanggaran Sifat Perkalian Nol;none;89%;Siswa mencoret variabel x pada kedua ruas sehingga menghilangkan salah satu akar x = 0.;Jangan membagi kedua ruas dengan variabel x karena x bisa bernilai nol. Gunakan pemfaktoran x(ax + b) = 0.;x = 5 (hanya 1 akar);x^2 - 5x = 0 | x^2 = 5x | Bagi x kedua ruas -> x = 5
11;2026-09-14 14:10:19;Intan Permata (Siswa_09);Q9;D3 - Rumus ABC;[E0] Akurat / Solusi Tepat;none;94%;Substitusi rumus ABC tepat, evaluasi diskriminan dan pembagian 2a runtut.;Penguasaan rumus ABC sangat baik.;x = 1 atau x = -5;x = (-b +- sqrt(b^2 - 4ac)) / (2a) | x = (-4 +- sqrt(16 - 4(1)(-5))) / 2 | x = (-4 +- sqrt(36)) / 2 | x1 = 1, x2 = -5
12;2026-09-14 14:10:19;Joko Widodo (Siswa_10);Q10;D3 - Rumus ABC;[E3] Komputasi: Kesalahan Tanda pada Operasi -4ac;none;87%;Siswa menghitung -4(2)(-3) = -24 padahal seharusnya +24.;Perkalian dua bilangan bertanda negatif menghasilkan bilangan positif: (-4) * (-c) = +4c.;x = (5 +- sqrt(-23)) / 4;D = b^2 - 4ac = 25 - 4(2)(-3) = 25 - 24 = 1 tapi siswa menulis 25 - 48 = -23
13;2026-09-14 14:10:19;Kartika Sari (Siswa_11);Q11;D3 - Rumus ABC;[E2] Prosedural: Lupa Membagi dengan 2a;none;84%;Siswa hanya membagi bagian akar kuadrat atau lupa membagi seluruh pembilang dengan 2a.;Garis pembagi rumus kuadratik membentang sepanjang seluruh pembilang: (-b +- sqrt(D)) / (2a).;x = 6 +- 4;x = -b +- sqrt(D) = 6 +- 4 = 10 atau 2 (lupa bagi 2a)
14;2026-09-14 14:10:20;Lukman Hakim (Siswa_12);Q12;D3 - Rumus ABC;[E1] Konseptual: Substitusi Nilai -b Keliru;none;86%;Siswa mensubstitusikan -b menjadi negatif padahal b sudah negatif (-(-b) = +b).;Jika koefisien b bernilai negatif (-6), maka suku pertama rumus ABC menjadi -(-6) = +6.;x = (-6 +- 8) / 2;b = -6 -> rumus -b ditulis -6 bukannya +6
15;2026-09-14 14:10:20;Maya Indah (Siswa_13);Q13;D4 - Diskriminan;[E0] Akurat / Solusi Tepat;none;95%;Menghitung D = 0 secara tepat dan menyimpulkan persamaan memiliki dua akar real kembar.;Analisis karakteristik diskriminan sangat baik.;D = 0, mempunyai dua akar real kembar (sama);x^2 - 6x + 9 = 0 | D = (-6)^2 - 4(1)(9) = 36 - 36 = 0 | Karena D = 0 maka akar kembar real.
16;2026-09-14 14:10:20;Naufal Rizky (Siswa_14);Q14;D4 - Diskriminan;[E1] Konseptual: Miskonsepsi Makna D < 0;none;91%;Siswa menganggap D < 0 berarti akar-akarnya bernilai negatif real.;D < 0 mengindikasikan akar tidak real / imajiner (grafik tidak memotong sumbu X), bukan akar bernilai negatif.;Akar-akarnya bernilai negatif;D = -16 < 0 maka nilai x yang dihasilkan negatif semua.
17;2026-09-14 14:10:20;Olivia Zalianty (Siswa_15);Q15;D4 - Diskriminan;[E2] Prosedural: Keliru Menentukan Syarat Parameter k;[E3] Komputasi;79%;Siswa salah dalam membalik tanda pertidaksamaan saat membagi dengan koefisien negatif.;Ketika kedua ruas pertidaksamaan dibagi bilangan negatif, arah tanda pertidaksamaan harus dibalik.;k > 4 (seharusnya k < 4);D > 0 -> 16 - 4k > 0 -> -4k > -16 -> k > 4
18;2026-09-14 14:10:21;Putri Ayu (Siswa_16);Q16;D4 - Diskriminan;[E3] Komputasi: Salah Hitung Kuadrat Variabel Parameter;none;83%;Siswa menghitung (2k)^2 menjadi 2k^2 bukan 4k^2.;Pangkat dua berlaku untuk koefisien dan variabel: (ck)^2 = c^2 * k^2.;k = +- 6;b = 2k -> b^2 ditulis 2k^2 bukannya 4k^2
19;2026-09-14 14:10:21;Qori Salsabila (Siswa_17);Q17;D5 - Hubungan Akar;[E0] Akurat / Solusi Tepat;none;97%;Siswa menerapkan Teorema Vieta x1 + x2 = -b/a dan x1 * x2 = c/a secara sempurna.;Penguasaan Teorema Vieta sangat komprehensif.;x1 + x2 = 5, x1 * x2 = 6;x^2 - 5x + 6 = 0 | x1 + x2 = -(-5)/1 = 5 | x1 * x2 = 6/1 = 6
20;2026-09-14 14:10:21;Rizky Pratama (Siswa_18);Q18;D5 - Hubungan Akar;[E1] Konseptual: Tertukar Rumus Vieta Jumlah dan Kali;none;88%;Siswa menggunakan c/a untuk jumlah akar dan -b/a untuk perkalian akar.;Ingat jembatan keledai Vieta: Jumlah bertanda minus (-b/a), Hasil kali positif (c/a).;Jumlah = 6, Kali = 5;x1 + x2 = c/a = 6, x1 * x2 = -b/a = 5
21;2026-09-14 14:10:21;Siti Rahma (Siswa_19);Q19;D5 - Hubungan Akar;[E2] Prosedural: Keliru Menyusun Persamaan Kuadrat Baru;none;85%;Siswa menulis rumus persamaan baru dengan tanda positif pada suku tengah: x^2 + (alfa + beta)x + alfa*beta = 0.;Rumus baku penyusunan persamaan kuadrat baru adalah x^2 - (x1 + x2)x + (x1 * x2) = 0.;x^2 + 8x + 15 = 0;Rumus persamaan baru: x^2 + (alfa+beta)x + alfa*beta = 0
22;2026-09-14 14:10:22;Taufik Hidayat (Siswa_20);Q20;D5 - Hubungan Akar;[E1] Konseptual: Miskonsepsi Identitas Aljabar x1^2 + x2^2;none;92%;Siswa menganggap x1^2 + x2^2 sama persis dengan (x1 + x2)^2 tanpa dikurangi 2*x1*x2.;Gunakan identitas aljabar kuadrat binomial: x1^2 + x2^2 = (x1 + x2)^2 - 2(x1 * x2).;x1^2 + x2^2 = 25;x1 + x2 = 5 | x1^2 + x2^2 = (5)^2 = 25 (tidak dikurangi 2x1x2)
23;2026-09-14 14:10:22;Utami Ningsih (Siswa_21);Q21;D6 - Penerapan;[E0] Akurat / Solusi Tepat;none;94%;Pemodelan persegi panjang p*(p-3)=40, faktorisasi, dan seleksi nilai positif p=8 tepat.;Penalaran pemecahan masalah kontekstual sangat baik.;Panjang = 8 cm, Lebar = 5 cm;Lebar l = p - 3 | Luas = p * (p - 3) = 40 | p^2 - 3p - 40 = 0 | (p - 8)(p + 5) = 0 | Karena panjang besaran fisis positif, p = 8 cm, l = 5 cm
24;2026-09-14 14:10:23;Vina Panduwinata (Siswa_22);Q22;D6 - Penerapan;[E4] Interpretasi: Tidak Membuang Solusi Negatif pada Konteks Nyata;none;87%;Siswa menyertakan panjang sisi = -5 cm sebagai jawaban akhir.;Ukuran panjang, waktu, dan jarak dalam konteks fisika/geometri tidak boleh negatif, abaikan nilai negatif.;Panjang = 8 cm atau -5 cm;p1 = 8, p2 = -5 | Keduanya ditulis sebagai ukuran panjang persegi panjang.
25;2026-09-14 14:10:24;Wahyu Setiawan (Siswa_23);Q23;D6 - Penerapan;[E4] Interpretasi: Menentukan Waktu Sentuh Tanah Parabola;[E2] Prosedural;83%;Siswa memilih t = 0 sebagai waktu peluru menyentuh tanah kembali bukannya t = 4.;Nilai t = 0 adalah saat peluru ditembakkan, sedangkan saat menyentuh tanah kembali adalah akar t positif kedua.;t = 0 detik;h(t) = 40t - 5t^2 = 0 | 5t(8 - t) = 0 | t = 0 atau t = 8 | Siswa memilih t = 0
26;2026-09-14 14:10:24;Yusuf Mansur (Siswa_24);Q24;D6 - Penerapan;[E1] Konseptual: Reflektif Karakteristik Parabola D < 0;none;89%;Siswa setuju dengan miskonsepsi bahwa roket tidak meluncur jika diskriminan negatif.;D < 0 pada fungsi ketinggian parabola berarti lintasan roket tidak pernah memotong sumbu waktu h=0.;Pernyataan benar;Jika D < 0 maka roket tidak dapat terbang ke atas.
